{
  "hotel-type": {
    "precision": 0.7295918367346939,
    "recall": 0.807909604519774,
    "f1-score": 0.7667560321715817,
    "support": 177,
    "confused_with": {}
  },
  "restaurant-bookday": {
    "precision": 0.9761904761904762,
    "recall": 0.9609375,
    "f1-score": 0.968503937007874,
    "support": 256,
    "confused_with": {
      "hotel-bookday": 6,
      "train-day": 4
    }
  },
  "attraction-type": {
    "precision": 0.9218241042345277,
    "recall": 0.9792387543252595,
    "f1-score": 0.9496644295302012,
    "support": 289,
    "confused_with": {
      "attraction-name": 1
    }
  },
  "train-departure": {
    "precision": 0.9536741214057508,
    "recall": 0.9770867430441899,
    "f1-score": 0.9652384801940178,
    "support": 611,
    "confused_with": {
      "train-destination": 12,
      "taxi-departure": 1
    }
  },
  "taxi-departure": {
    "precision": 0.915929203539823,
    "recall": 0.8922413793103449,
    "f1-score": 0.9039301310043668,
    "support": 232,
    "confused_with": {
      "restaurant-name": 6
    }
  },
  "train-bookpeople": {
    "precision": 0.8826291079812206,
    "recall": 0.9494949494949495,
    "f1-score": 0.9148418491484185,
    "support": 198,
    "confused_with": {
      "hotel-bookpeople": 6
    }
  },
  "hotel-area": {
    "precision": 0.8163265306122449,
    "recall": 0.8888888888888888,
    "f1-score": 0.851063829787234,
    "support": 135,
    "confused_with": {
      "restaurant-area": 9
    }
  },
  "train-arriveby": {
    "precision": 0.8947368421052632,
    "recall": 0.9763513513513513,
    "f1-score": 0.9337641357027463,
    "support": 296,
    "confused_with": {
      "train-leaveat": 1
    }
  },
  "restaurant-food": {
    "precision": 0.958904109589041,
    "recall": 0.995260663507109,
    "f1-score": 0.9767441860465116,
    "support": 422,
    "confused_with": {}
  },
  "required_info": {
    "precision": 0.926073926073926,
    "recall": 0.984599044078598,
    "f1-score": 0.9544401544401545,
    "support": 1883,
    "confused_with": {}
  },
  "taxi-arriveby": {
    "precision": 0.9069767441860465,
    "recall": 0.6964285714285714,
    "f1-score": 0.7878787878787877,
    "support": 56,
    "confused_with": {
      "train-arriveby": 15,
      "taxi-leaveat": 1
    }
  },
  "train-leaveat": {
    "precision": 0.8681818181818182,
    "recall": 0.8925233644859814,
    "f1-score": 0.8801843317972351,
    "support": 214,
    "confused_with": {
      "train-arriveby": 3
    }
  },
  "attraction-name": {
    "precision": 0.9164490861618799,
    "recall": 0.9669421487603306,
    "f1-score": 0.9410187667560321,
    "support": 363,
    "confused_with": {
      "hotel-name": 4
    }
  },
  "hotel-bookday": {
    "precision": 0.9051383399209486,
    "recall": 0.9913419913419913,
    "f1-score": 0.9462809917355371,
    "support": 231,
    "confused_with": {
      "restaurant-bookday": 2
    }
  },
  "hotel-name": {
    "precision": 0.946236559139785,
    "recall": 0.9971671388101983,
    "f1-score": 0.9710344827586207,
    "support": 353,
    "confused_with": {}
  },
  "taxi-leaveat": {
    "precision": 0.9775280898876404,
    "recall": 0.8130841121495327,
    "f1-score": 0.8877551020408163,
    "support": 107,
    "confused_with": {
      "train-leaveat": 15,
      "taxi-arriveby": 3
    }
  },
  "hotel-pricerange": {
    "precision": 0.7845528455284553,
    "recall": 0.9368932038834952,
    "f1-score": 0.8539823008849559,
    "support": 206,
    "confused_with": {
      "restaurant-pricerange": 9
    }
  },
  "restaurant-booktime": {
    "precision": 0.9486404833836858,
    "recall": 0.9573170731707317,
    "f1-score": 0.9529590288315629,
    "support": 328,
    "confused_with": {
      "train-arriveby": 3
    }
  },
  "hotel-bookstay": {
    "precision": 0.8353909465020576,
    "recall": 0.9950980392156863,
    "f1-score": 0.9082774049217003,
    "support": 204,
    "confused_with": {
      "hotel-stars": 1
    }
  },
  "restaurant-area": {
    "precision": 0.867704280155642,
    "recall": 0.8884462151394422,
    "f1-score": 0.8779527559055117,
    "support": 251,
    "confused_with": {
      "hotel-area": 14
    }
  },
  "taxi-destination": {
    "precision": 0.9289099526066351,
    "recall": 0.8949771689497716,
    "f1-score": 0.9116279069767441,
    "support": 219,
    "confused_with": {
      "taxi-departure": 8
    }
  },
  "restaurant-bookpeople": {
    "precision": 0.9205020920502092,
    "recall": 0.9322033898305084,
    "f1-score": 0.9263157894736842,
    "support": 236,
    "confused_with": {
      "train-bookpeople": 7,
      "hotel-bookpeople": 4
    }
  },
  "train-day": {
    "precision": 0.9613733905579399,
    "recall": 0.9718004338394793,
    "f1-score": 0.9665587918015103,
    "support": 461,
    "confused_with": {
      "hotel-bookday": 9,
      "restaurant-bookday": 3
    }
  },
  "hotel-stars": {
    "precision": 0.8590604026845637,
    "recall": 1.0,
    "f1-score": 0.9241877256317689,
    "support": 128,
    "confused_with": {}
  },
  "hotel-parking": {
    "precision": 0.8,
    "recall": 0.7058823529411765,
    "f1-score": 0.7500000000000001,
    "support": 17,
    "confused_with": {
      "hotel-internet": 2
    }
  },
  "restaurant-pricerange": {
    "precision": 0.8764478764478765,
    "recall": 0.8598484848484849,
    "f1-score": 0.8680688336520076,
    "support": 264,
    "confused_with": {
      "hotel-pricerange": 27
    }
  },
  "hotel-internet": {
    "precision": 0.8947368421052632,
    "recall": 0.7727272727272727,
    "f1-score": 0.8292682926829269,
    "support": 22,
    "confused_with": {}
  },
  "attraction-area": {
    "precision": 0.8632075471698113,
    "recall": 0.905940594059406,
    "f1-score": 0.8840579710144928,
    "support": 202,
    "confused_with": {
      "restaurant-area": 9,
      "hotel-area": 6
    }
  },
  "hotel-bookpeople": {
    "precision": 0.875,
    "recall": 0.9430051813471503,
    "f1-score": 0.9077306733167083,
    "support": 193,
    "confused_with": {
      "hotel-bookstay": 7,
      "train-bookpeople": 3
    }
  },
  "train-destination": {
    "precision": 0.9285714285714286,
    "recall": 0.98,
    "f1-score": 0.9535928143712575,
    "support": 650,
    "confused_with": {
      "train-departure": 9
    }
  },
  "restaurant-name": {
    "precision": 0.9380281690140845,
    "recall": 0.9624277456647399,
    "f1-score": 0.9500713266761769,
    "support": 346,
    "confused_with": {
      "taxi-destination": 5
    }
  },
  "micro avg": {
    "precision": 0.9124774684558382,
    "recall": 0.9541361256544503,
    "f1-score": 0.9328419328419328,
    "support": 9550
  },
  "macro avg": {
    "precision": 0.8960811984749271,
    "recall": 0.918582689068207,
    "f1-score": 0.9052822981981015,
    "support": 9550
  },
  "weighted avg": {
    "precision": 0.913791089629911,
    "recall": 0.9541361256544503,
    "f1-score": 0.9328383425789029,
    "support": 9550
  }
}