{
  "goodbye": {
    "precision": 0.9700772200772201,
    "recall": 0.9852941176470589,
    "f1-score": 0.9776264591439688,
    "support": 1020,
    "confused_with": {
      "request": 3,
      "find_restaurant": 3
    }
  },
  "book_restaurant": {
    "precision": 0.9017543859649123,
    "recall": 0.8653198653198653,
    "f1-score": 0.8831615120274914,
    "support": 297,
    "confused_with": {
      "inform": 10,
      "book_hotel": 8
    }
  },
  "find_taxi": {
    "precision": 0.9230769230769231,
    "recall": 0.9056603773584906,
    "f1-score": 0.9142857142857143,
    "support": 212,
    "confused_with": {
      "inform": 11,
      "goodbye": 2
    }
  },
  "request": {
    "precision": 0.8985507246376812,
    "recall": 0.9501915708812261,
    "f1-score": 0.9236499068901303,
    "support": 783,
    "confused_with": {
      "inform": 23,
      "book_train": 4
    }
  },
  "find_hotel": {
    "precision": 0.9210526315789473,
    "recall": 0.8728179551122195,
    "f1-score": 0.8962868117797695,
    "support": 401,
    "confused_with": {
      "inform": 32,
      "request": 9
    }
  },
  "book_train": {
    "precision": 0.8701754385964913,
    "recall": 0.835016835016835,
    "f1-score": 0.852233676975945,
    "support": 297,
    "confused_with": {
      "inform": 15,
      "request": 13
    }
  },
  "find_train": {
    "precision": 0.9153543307086615,
    "recall": 0.9489795918367347,
    "f1-score": 0.9318637274549099,
    "support": 490,
    "confused_with": {
      "inform": 17,
      "request": 2
    }
  },
  "book_hotel": {
    "precision": 0.8352059925093633,
    "recall": 0.8849206349206349,
    "f1-score": 0.859344894026975,
    "support": 252,
    "confused_with": {
      "inform": 16,
      "book_train": 6
    }
  },
  "inform": {
    "precision": 0.8934531450577664,
    "recall": 0.8571428571428571,
    "f1-score": 0.8749214330609679,
    "support": 1624,
    "confused_with": {
      "find_restaurant": 57,
      "find_attraction": 33
    }
  },
  "find_police": {
    "precision": 0.5,
    "recall": 0.5,
    "f1-score": 0.5,
    "support": 2,
    "confused_with": {
      "goodbye": 1
    }
  },
  "find_attraction": {
    "precision": 0.9069212410501193,
    "recall": 0.8899297423887588,
    "f1-score": 0.8983451536643027,
    "support": 427,
    "confused_with": {
      "inform": 18,
      "request": 16
    }
  },
  "find_restaurant": {
    "precision": 0.8565488565488566,
    "recall": 0.9074889867841409,
    "f1-score": 0.881283422459893,
    "support": 454,
    "confused_with": {
      "inform": 22,
      "request": 7
    }
  },
  "micro avg": {
    "precision": 0.9060252517180758,
    "recall": 0.9057357405336316,
    "f1-score": 0.905880472994567,
    "support": 6259
  },
  "macro avg": {
    "precision": 0.8660142408172451,
    "recall": 0.8668968778674019,
    "f1-score": 0.8660835593141724,
    "support": 6259
  },
  "weighted avg": {
    "precision": 0.9061245475723388,
    "recall": 0.9057357405336316,
    "f1-score": 0.9055416873235762,
    "support": 6259
  }
}