{
  "restaurant-area": {
    "precision": 0.9047619047619048,
    "recall": 0.8837209302325582,
    "f1-score": 0.8941176470588236,
    "support": 43,
    "confused_with": {
      "restaurant-food": 1
    }
  },
  "restaurant-pricerange": {
    "precision": 0.9090909090909091,
    "recall": 0.975609756097561,
    "f1-score": 0.9411764705882352,
    "support": 41,
    "confused_with": {}
  },
  "required_info": {
    "precision": 0.9807692307692307,
    "recall": 1.0,
    "f1-score": 0.9902912621359222,
    "support": 51,
    "confused_with": {}
  },
  "restaurant-bookday": {
    "precision": 1.0,
    "recall": 1.0,
    "f1-score": 1.0,
    "support": 39,
    "confused_with": {}
  },
  "restaurant-name": {
    "precision": 0.9310344827586207,
    "recall": 0.6,
    "f1-score": 0.7297297297297297,
    "support": 45,
    "confused_with": {
      "restaurant-food": 1
    }
  },
  "restaurant-booktime": {
    "precision": 0.9607843137254902,
    "recall": 1.0,
    "f1-score": 0.98,
    "support": 49,
    "confused_with": {}
  },
  "restaurant-bookpeople": {
    "precision": 0.9428571428571428,
    "recall": 0.9428571428571428,
    "f1-score": 0.9428571428571428,
    "support": 35,
    "confused_with": {}
  },
  "restaurant-food": {
    "precision": 0.9054054054054054,
    "recall": 1.0,
    "f1-score": 0.950354609929078,
    "support": 67,
    "confused_with": {}
  },
  "micro avg": {
    "precision": 0.9398907103825137,
    "recall": 0.9297297297297298,
    "f1-score": 0.9347826086956522,
    "support": 370
  },
  "macro avg": {
    "precision": 0.941837923671088,
    "recall": 0.9252734786484077,
    "f1-score": 0.9285658577873666,
    "support": 370
  },
  "weighted avg": {
    "precision": 0.940091527582619,
    "recall": 0.9297297297297298,
    "f1-score": 0.9299236356477436,
    "support": 370
  }
}