{
  "request": {
    "precision": 0.6785714285714286,
    "recall": 0.95,
    "f1-score": 0.7916666666666667,
    "support": 20,
    "confused_with": {
      "goodbye": 1
    }
  },
  "book_restaurant": {
    "precision": 0.8974358974358975,
    "recall": 0.8974358974358975,
    "f1-score": 0.8974358974358975,
    "support": 39,
    "confused_with": {
      "inform": 4
    }
  },
  "find_restaurant": {
    "precision": 0.9090909090909091,
    "recall": 0.8620689655172413,
    "f1-score": 0.8849557522123893,
    "support": 58,
    "confused_with": {
      "inform": 8
    }
  },
  "inform": {
    "precision": 0.7966101694915254,
    "recall": 0.7230769230769231,
    "f1-score": 0.7580645161290323,
    "support": 65,
    "confused_with": {
      "request": 9,
      "find_restaurant": 5
    }
  },
  "goodbye": {
    "precision": 0.9836065573770492,
    "recall": 1.0,
    "f1-score": 0.9917355371900827,
    "support": 60,
    "confused_with": {}
  },
  "accuracy": 0.871900826446281,
  "macro avg": {
    "precision": 0.853062992393362,
    "recall": 0.8865163572060124,
    "f1-score": 0.8647716739268138,
    "support": 242
  },
  "weighted avg": {
    "precision": 0.8764246105713778,
    "recall": 0.871900826446281,
    "f1-score": 0.8716491435596858,
    "support": 242
  }
}